index,state,iret
1,12345672121232,12529586
2,12345672123212,12013015
3,12345672321212,12610706
4,12345673131323,12178698
5,12345673132313,14414160
6,12345673231313,14006330
7,12345761111111,8428010
8,12346571111231,6242136
9,12346751113133,8689809
10,12347561112212,7956174
11,12347651111111,13190184
12,12347651122112,8162900
13,12347651133311,7439569
14,12347652111221,6704641
15,12347652123233,7931339
16,12347652123332,9775534
17,12347652223232,7398813
18,12347653111133,7897623
19,12347653132223,6755033
20,12347653132322,6601413
21,12347653332323,7438785
22,12354671111111,9306119
23,12354761112323,12317420
24,12354762121112,8769561
25,12354762121211,9530842
26,12354762311123,7163663
27,12354763131131,7980334
28,12354763133111,7251345
29,12354763211123,8493142
30,12356471113133,7673044
31,12356741133131,10414294
32,12356741313131,10840307
33,12356743113131,10906688
34,12357461111222,8411487
35,12357461113331,8093263
36,12357462211112,8337141
37,12357641113331,7851806
38,12364571112212,8755133
39,12364751112212,7502980
40,12364751113133,7890461
41,12364753311131,7573833
42,12365471111111,9292034
43,12365471211122,7873580
44,12365471313113,6520756
45,12365472223232,7297363
46,12365472321233,8428359
47,12365473232312,6632917
48,12365473332323,6656461
49,12365741113331,7935289
50,12367451123333,11713698
51,12367451132222,10676455
52,12367451213333,11364214
53,12367451312222,13893951
54,12367452113333,12562504
55,12367453112222,11327153
56,12367541112212,9816126
57,12367541113331,11248537
58,12367541331131,7202509
59,12374561121212,10865560
60,12374561211212,10699207
61,12374562111212,12700367
62,12374651111222,8794505
63,12375461111222,8496047
64,12375641113112,8030907
65,12376451111222,8946724
66,12376451113133,8542944
67,12376451221211,7368707
68,12376541112323,8904714
69,12376541232233,10547268
70,12376541322233,7310181
71,12376542121232,8134403
72,12376542123212,7502488
73,12376543133132,6558832
74,12376543133231,6521146
75,12456731132321,11891584
76,12456731233223,7058539
77,12456733223321,7104925
78,12463751231231,7510747
79,12467351131121,7512020
80,12467351231321,6506627
81,12473561132123,7151666
82,12536741112323,7696115
83,12537461332112,7176830
84,12543671111111,9554795
85,12543671211212,7450669
86,12543671331113,6835152
87,12543672121121,6978543
88,12543672321332,7212702
89,12543672322232,6989621
90,12543672331232,6626990
91,12543673111331,6810871
92,12543673221323,7138374
93,12543673231223,6833517
94,12543673233323,8678384
95,12546371221331,7123894
96,12563472131213,8857966
97,12563473131212,8302906
98,12564733323122,6819486
99,12567433232333,7079863
100,12576343212221,8733588
101,12637451132111,8378263
102,12637451332112,6288604
103,12643571321321,6921647
104,12645371131121,7763736
105,12673542331133,9587148
106,12734561112323,7652959
107,12734561322233,6751576
108,12734562313223,6472150
109,12745631111111,22622997
110,12745632111122,7443019
111,12745632212213,8781960
112,12745632222221,7136934
113,12745632232211,8486994
114,12745633131131,7955448
115,12745633313312,6963482
116,12745633313333,7420739
117,12745633323311,7053445
118,12753462231323,7957228
119,12763452322232,7179218
120,12765432121313,8077685
121,12765432222212,12222950
122,12765433121213,9163324
123,12765433331333,8372646
124,13245671321111,8096125
125,13246571111111,10223553
126,13246571112233,6888467
127,13246571113232,10677098
128,13246572321332,8089256
129,13246572331232,7308887
130,13246573221233,7557757
131,13246573321223,7703823
132,13246752133211,9397258
133,13247563212131,8376547
134,13254761322233,7968033
135,13254761323322,6846207
136,13254762321233,9464437
137,13254763323122,8101424
138,13257641112233,6960752
139,13265741112323,11492555
140,13265742131312,9824971
141,13267451122211,8541741
142,13267451311133,7163759
143,13267541111132,9124897
144,13267541232212,8324984
145,13274651112323,10144595
146,13275461112233,7660468
147,13275463213211,7574385
148,13275641112233,9257110
149,13275641112323,11503154
150,13275642131333,8730860
151,13275643212221,9348225
152,13276451113211,10056886
153,13276451233133,10006601
154,13276541133122,7423249
155,13276541213312,9974710
156,13276541321123,7446087
157,13276541322311,9587717
158,13276541323112,6264750
159,13276541323322,6536572
160,13276542323312,7459126
161,13276543323122,7212284
162,13462571111111,8039401
163,13462572213311,6694690
164,13527461211113,7987524
165,13542671231231,6390507
166,13546271213213,7146633
167,13546271231231,9213326
168,13546271321321,7917210
169,13572641122133,10161582
170,13576241312213,9913458
171,13576241321321,7960077
172,13627451332112,7093628
173,13642571221223,9436308
174,13642571223221,9418773
175,13642573221221,10675910
176,13645271221331,6624408
177,13647521111111,7752899
178,13675241112323,8491168
179,13675242331313,7643109
180,13725642332132,7858974
181,13754262123323,15161830
182,13762451321321,6634403
183,13764251211311,6093025
184,13764252323231,7051724
185,13765422121211,9447210
186,14263751131121,7114825
187,14267351321321,7203678
188,14275633323122,7672436
189,14325671111111,26268434
190,14325672112121,6970241
191,14325672231323,7213801
192,14325672323222,7038861
193,14325673123232,7195860
194,14325673232333,6757565
195,14325673311131,8189025
196,14327652131213,7845192
197,14327653121213,8344698
198,14352672212111,7511714
199,14356721112323,7804858
200,14356721322233,9130476
201,14367252322232,7226510
202,14367523311113,12703758
203,14523672121313,8066266
204,14523673121312,9731771
205,14527631121311,7478490
206,14527631131211,7204667
207,14527631133311,6958743
208,14527631211131,7872337
209,14527631311121,7763626
210,14527632122213,7837598
211,14527632212111,7964965
212,14527632333332,9375301
213,14527633132322,7272938
214,14527633312133,7494703
215,14536273311311,8384639
216,14537622231323,7398499
217,14563272323222,6824192
218,14567231312213,9918690
219,14567231321123,8476716
220,14573261333111,8084641
221,14625731111111,10096034
222,14625731131121,8024808
223,14625731322233,7234489
224,14625732112121,7599187
225,14625732113321,8474105
226,14625732213323,7151186
227,14625732233111,7867811
228,14625733133111,7086050
229,14632571111111,12364885
230,14632571321132,7301709
231,14652733321331,7893883
232,14673251111111,9850696
233,14723651111213,7140673
234,14723651111312,9080123
235,14723651112131,7197307
236,14723651113121,6898589
237,14723651211212,6569631
238,14723652322121,6125945
239,14723652331232,7553690
240,14723653232222,6862357
241,14723653313111,7115798
242,14723653321313,8710523
243,14725361111111,8169261
244,14725361111123,7121261
245,14725361322332,7645585
246,14725362211121,8851710
247,14725363211213,6912632
248,14725363213121,6699865
249,14725363223213,7047454
250,14725363311113,9015822
251,14726531223122,7849818
252,14726531232122,7862369
253,14726531233313,7002627
254,14726531333312,6516874
255,14726532232313,8094330
256,14726533323122,6849529
257,14735621221112,7069308
258,14735621223113,6525477
259,14735621223332,10329054
260,14735621233112,8692431
261,14735621323112,8273396
262,14735621332112,6408815
263,14735621333111,6836459
264,14735621333222,6407562
265,14736251111132,7654852
266,14736251112332,7046996
267,14736253222223,7137807
268,14736521132222,7735497
269,14736521133131,7627062
270,14736521211212,7312448
271,14736521213333,7488377
272,14736521221313,7742587
273,14736521321231,10478521
274,14736521322233,6988329
275,14736521332121,8801637
276,14736523112222,7777423
277,14736523113131,7330511
278,14752363222121,6737727
279,14752363232222,8671207
280,14752363233131,7719996
281,14752631111111,9571241
282,14752631112311,7944665
283,14752631323223,7042934
284,14752632332132,6807730
285,14752633213223,6934187
286,14752633222223,7392200
287,14752633223123,7157957
288,14752633223231,7767592
289,14753261221112,7007063
290,14753261323112,8698660
291,14753261333111,7022627
292,14762351221331,8057242
293,14762351321231,8642393
294,14762351331221,6606225
295,14763251221223,12390317
296,14763251222312,11509048
297,14763251332331,10865414
298,14763251333123,10266239
299,14763252322121,9956541
300,14763253132232,9779970
301,14763253133132,9770502
302,14763253133222,10589283
303,14763253133231,10247642
304,14763253221221,9857512
305,14763253222112,11300852
306,14763521113211,7781434
307,14763521113223,7112476
308,14763523222331,6002579
309,14765231111213,7694162
310,14765231111312,8024498
311,14765231112131,7496535
312,14765231113121,6857242
313,14765231133131,6928645
314,14765232211211,7067906
315,14765232232322,7011073
316,14765232331313,7025736
317,14765233113131,6625945
318,14765233323332,7071925
319,15236471111111,9080494
320,15236473231121,6334357
321,15243671331221,7116670
322,15246371331332,9812161
323,15246371332331,9495031
324,15246372331331,9379338
325,15267431223113,7144353
326,15273641112323,8870288
327,15324673113311,12195035
328,15342671211311,6094301
329,15346271321321,6532368
330,15367421211113,8660264
331,15367421223113,6458133
332,15367423211123,7488252
333,15426371111111,8043153
334,15426371112233,7095728
335,15463271313113,7896763
336,15624732123212,9631100
337,15624732133313,8028056
338,15624732333332,7539137
339,15627431223113,6459908
340,15627431322113,8856494
341,15627431332112,6584556
342,15634722123332,10239839
343,15634722321233,7429629
344,15637423211123,8353948
345,15642371111111,17052902
346,15642372213311,7316316
347,15642372231332,7538368
348,15642372331322,7018992
349,15642373212311,7169666
350,15642373221323,7604804
351,15642373231223,8603343
352,15643271221331,6928445
353,15643271331221,7351866
354,15643273223111,6514215
355,15647233213232,6506920
356,15672341113232,8400532
357,15672341323112,6663004
358,15672342323312,7664021
359,15672343213232,6509717
360,15672433312133,9197018
361,15724362212132,8879482
362,15724631111111,8321325
363,15724631211311,6782202
364,15724631322233,7662920
365,15724632123233,9583479
366,15724632313223,7090426
367,15724632323231,7866545
368,15724632323333,7811469
369,15724633132322,6568948
370,15734622331223,7861107
371,15746321111111,10488606
372,15746321323211,6276077
373,15746322313112,5893526
374,15762342122213,10927857
375,15763241111111,9312022
376,15763242323132,6672644
377,16243571132132,6649023
378,16243571231231,7176505
379,16243571321321,6877289
380,16245371231231,7440175
381,16254733312223,12854295
382,16257431132111,7568351
383,16257433223123,6415225
384,16273541122133,10870379
385,16273541321321,9612275
386,16275341312213,9050485
387,16275343122221,7415484
388,16327453232333,6957933
389,16342571331221,7357617
390,16345271111111,15900121
391,16345271133131,7164413
392,16345271222111,7819328
393,16345272322232,7555074
394,16345272333212,6876777
395,16345273122323,8386251
396,16345273233323,8999273
397,16347252131312,10153931
398,16347253121312,9608883
399,16357421223113,7421739
400,16374521112323,7845333
401,16374523211123,6986708
402,16423572112121,8327600
403,16427531211311,6684275
404,16427531231321,7373991
405,16427532333233,12151185
406,16453271111111,10078621
407,16453271211113,6737553
408,16453272111131,6812108
409,16475233132313,10047995
410,16523473332323,6907065
411,16523741112212,8094449
412,16524731112212,9349538
413,16524731112233,8034956
414,16524731113133,7949057
415,16527341111111,7893306
416,16527431123333,11725741
417,16527431222132,12190062
418,16527431312222,13223942
419,16527431333213,10472222
420,16527432113333,10623211
421,16527432211322,12259837
422,16527432231122,11022401
423,16527432231332,10519630
424,16527432331322,11240556
425,16527432333113,10942898
426,16527433312133,10737840
427,16532471111222,8970739
428,16534271111111,8859124
429,16534271111132,6613282
430,16534273211111,8309358
431,16534723211123,10862977
432,16537421111222,7327161
433,16537421113322,7397472
434,16537421113331,7782824
435,16537421223113,6460404
436,16537421233112,9085864
437,16537421332112,6545273
438,16542371221331,6158873
439,16542371331221,6824344
440,16542372112331,9499446
441,16543271221223,13006454
442,16543271223221,9689319
443,16543271331332,10502878
444,16543271332331,10604718
445,16543272331331,9817098
446,16543273221221,10471263
447,16543721111111,8087204
448,16543721113211,6631744
449,16547233332323,7627771
450,16547321113331,9555793
451,16572431111111,9151795
452,16572433213223,6588511
453,16573241123123,7703781
454,16573241312312,6933383
455,16574231113133,8134942
456,16723451122133,8158083
457,16723451322311,7233528
458,16725431121311,6905527
459,16725431131211,7127712
460,16725431211122,7190789
461,16725431211131,8842261
462,16725431311121,6683348
463,16725432211121,7911985
464,16725432232223,6945631
465,16725433113311,7120282
466,16725433122212,6724470
467,16725433333232,6399118
468,16735242122213,9630046
469,16742352232313,8573703
470,16743252323222,7013462
471,16745232121313,8216102
472,16745232122222,7639194
473,16745233121213,7546180
474,16745233333313,10933662
475,16753241221112,8326967
476,17246351111111,7860335
477,17265433111313,11977611
478,17324561211323,8277513
479,17324561232332,6028983
480,17326452212111,12718674
481,17356241212313,6132006
482,17356242211331,9719857
483,17362451211311,6020496
484,17362451231321,6766423
485,17362452213311,10407066
486,17364251231231,8081466
487,17423653213232,6852174
488,17425631122112,7355778
489,17425631223113,6598645
490,17425631313113,7155705
491,17425631322113,8421778
492,17425631322332,9896271
493,17425631323112,8518044
494,17425631323223,6930923
495,17425631332112,6764765
496,17426531112233,7348411
497,17426531121212,8278508
498,17426531132312,8104219
499,17426531213123,8832210
500,17426531223221,6502969
501,17426531232233,10327423
502,17426531313131,8307521
503,17426531331332,6822820
504,17426532121211,7554767
505,17426532331331,7486392
506,17435622211133,9923724
507,17435623211123,10687580
508,17436521323232,6519082
509,17452363213232,6578670
510,17452363322132,6622213
511,17452633213232,8501661
512,17453262211133,7542410
513,17462352213311,7844311
514,17463251122112,7263619
515,17463251221331,6128159
516,17463251313113,7052471
517,17463251321231,7616280
518,17463251323112,8693172
519,17463251331221,6508439
520,17526431131121,7308778
521,17526431231321,7697306
522,17526432123233,10185754
523,17543261111111,10383422
524,17543261132111,6615845
525,17642531111111,7836594
526,17642531112233,9414720
527,17642533312211,6700063
528,17643251122112,7939551
529,21345671111111,9773727
530,21345762223322,11698632
531,21345762312323,9244534
532,21345762313223,8312238
533,21345763332233,8915234
534,21346752313322,9939143
535,21347562312323,12441614
536,21354671122112,7256275
537,21354671131313,8939595
538,21354671221112,7379633
539,21354672311123,8177884
540,21354672311132,8964288
541,21354672313211,25359756
542,21354673131113,8893892
543,21354761112233,7589584
544,21354761112311,7083107
545,21354761113211,7857341
546,21354761113322,7193599
547,21354761122211,9431821
548,21354761133311,7913252
549,21354762213311,6625805
550,21354763312211,7078474
551,21357462311111,9809119
552,21357463213331,9076324
553,21357642221132,9453922
554,21364752311111,8488288
555,21364753212212,7996227
556,21365742221312,6928318
557,21365742312323,8385825
558,21367451311331,7186046
559,21367452112112,7058250
560,21374653333121,7865230
561,21375462312233,7703658
562,21375463333211,8357233
563,21376541111123,7539689
564,21376541112311,7280042
565,21376541122211,9901552
566,21376541131133,7707462
567,21457631321123,10277782
568,21473563331312,9191867
569,21536742222131,9059568
570,21654372231323,7961919
571,21654372233321,7271978
572,21654373332122,7158237
573,21654373332221,7106808
574,21734652123131,6979167
575,23147562123131,10104996
576,23147651112323,8331506
577,23147652312323,7267606
578,23156471222132,7814308
579,23156471333132,6622187
580,23156473323332,7348480
581,23157461231333,8291710
582,23157462131123,10343104
583,23164573213133,8291753
584,23164752131312,7910337
585,23164753333313,7698639
586,23165471111111,8358294
587,23165471311133,7558381
588,23165471312132,7031623
589,23165472111122,7889656
590,23165472111332,6749927
591,23165472132332,7765059
592,23165472311111,7228786
593,23165473233221,8557252
594,23165741112323,10482266
595,23165741231312,9546278
596,23165742123131,9466979
597,23165742131321,11670582
598,23165742131333,13648670
599,23165742312323,9448117
600,23165743331312,13686277
601,23167541233322,7937510
602,23167542131222,7853683
603,23174652123131,8213707
604,23175463211222,8585840
605,23176452132221,7905935
606,23176453332233,8410485
607,23416752121211,10628596
608,23417563232123,7018731
609,23456173212332,6113503
610,23456173233122,7802269
611,23456713212332,6357646
612,23475162121112,9956894
613,23517462131333,10717892
614,23576412233321,7087462
615,23576412312323,6803082
616,23657142121112,10789453
617,23671452122333,14856962
618,23674153232321,6424071
619,23751461132123,6137462
620,23751463112321,6205634
621,23756143222331,7750959
622,23756411222312,9591685
623,23756413222112,10027303
624,23756413223312,9615804
625,23756413322312,10069158
626,24153672321233,7867655
627,24157361313212,7179738
628,24157362323111,7076185
629,24167353132232,10401269
630,24173652323231,6548265
631,24315673311311,12409908
632,24315761122322,8633224
633,24315762213323,7878667
634,24351671212211,9888317
635,24351673111133,10062922
636,24351673311311,11649668
637,24351761111123,11930744
638,24351761212232,8420449
639,24367511323112,8802138
640,24367513111121,6582159
641,24376512222122,10804381
642,24516732233111,8037947
643,24531673123121,9001315
644,24536713231232,8019404
645,24537613231322,10414874
646,24561372111131,7853038
647,24563711121212,9984372
648,24563712121232,10062551
649,24563713121222,12902396
650,24571362221213,9304646
651,24571631121212,9276870
652,24615371112332,7450233
653,24615372213311,14126168
654,24615731122313,9803124
655,24615731132333,13428386
656,24615732111323,11854864
657,24615732213311,8091902
658,24615732233321,9617892
659,24615733113323,13812484
660,24615733311122,8436806
661,24617532233321,10727573
662,24637512311132,10050396
663,24651731113223,7847598
664,24651731333333,7067521
665,24715363311332,8468546
666,24715631111111,8920871
667,24715631122121,8868862
668,24715631122133,7138356
669,24715632313223,6475699
670,24715633112111,6371146
671,24715633131131,8643490
672,24716532323231,10040919
673,24731561111111,12470892
674,24731562311231,7264439
675,24736512222332,10443130
676,24751362221231,12926397
677,24751362321113,15574972
678,24761531221223,10115286
679,24763151111111,8325377
680,24765313222112,8525790
681,25134672233321,7027678
682,25134672312323,6750029
683,25134672313211,9040767
684,25137461111111,9089192
685,25137461211323,6263367
686,25163741112323,8279387
687,25314673111313,16898405
688,25314673111331,16148656
689,25314673131311,16691981
690,25341673113311,13940288
691,25341762313223,11794841
692,25364172311231,12865206
693,25364173223231,6085478
694,25367411211122,8607739
695,25413672323111,12953289
696,25413763121222,9007654
697,25436711311313,7609662
698,25436712123122,7076462
699,25436712123332,7836679
700,25436712132122,7754396
701,25436712323231,7070790
702,25436713232321,7605316
703,25436713332122,7211489
704,25463713212332,7997204
705,25471362323132,7537559
706,25471631312213,11348547
707,25631741212121,13913714
708,25634713321232,8764033
709,25641371213132,8463291
710,25714632123131,9024773
711,25714632223331,8008561
712,25714632313211,22373627
713,25714633121333,8750689
714,25716431212223,8432257
715,25716433223213,7960205
716,25731642232211,14003799
717,25734162221111,7940753
718,25734613113323,10759172
719,25736141111123,9550228
720,25736141233232,9053353
721,25736411133113,8627617
722,25736411231321,7786927
723,25736411321312,6641879
724,25736411331113,8242608
725,25736413123112,6921580
726,25741361232113,9565346
727,25741632222323,8073229
728,25741632312323,7285164
729,25743611233232,7549713
730,25763142223133,9179438
731,25763411332322,6966190
732,26135742132221,8707475
733,26135742213323,8023050
734,26135742332312,8299310
735,26153471122121,8173130
736,26153473131131,7418223
737,26153473132121,7238585
738,26154372332213,16090498
739,26175432331133,8881192
740,26317451212211,12876864
741,26345711223113,6006696
742,26371453112111,7072634
743,26415731322323,6968562
744,26415732121223,6938145
745,26415732233321,8601609
746,26435712222122,12716959
747,26435712233321,9400781
748,26435712311132,8966580
749,26435712322322,11834191
750,26435713311122,8856075
751,26435713333133,10772626
752,26437512122312,7904121
753,26453172211133,8743533
754,26453711333333,7873044
755,26513471122121,8338381
756,26517343333313,10156572
757,26534713333313,10898260
758,26543171111111,8241638
759,26543171123111,6692757
760,26547313131323,10879578
761,26573413331312,8989120
762,26714531212133,8703137
763,26714532121133,9405099
764,26715433231322,8018289
765,26741351232113,6950025
766,26743512121232,10867457
767,27134561131133,8059970
768,27154632311132,7243438
769,27314652313211,8806750
770,27365412321212,10496609
771,27415363131113,10162772
772,27415632323231,8691362
773,27415633321322,10721923
774,27416532133232,7226601
775,27416533321232,8774801
776,27435612122222,7797393
777,27453161123111,6439834
778,27453161132111,7557575
779,27456133132223,8206626
780,27516341111111,7927211
781,27534161111111,7885849
782,27534161111123,10486807
783,27534162311111,7307195
784,27534612311132,8549102
785,27536412332312,7914245
786,27543611111123,9279778
787,27543611111132,6592123
788,27546312231122,13924490
789,27613543333133,10184691
790,27614353311332,8844010
791,27615431312333,9626055
792,27615432113321,10179039
793,27615433313213,7080200
794,27634511131133,7940549
795,27634512233321,7434762
796,27643513311233,11532488
797,31246753312211,9825888
798,31247651113232,7069451
799,31247651323232,8348011
800,31256471231222,7918235
801,31257462222221,9427184
802,31257462312311,7804131
803,31257643311122,8202873
804,31264572122213,8076008
805,31264573132313,7766827
806,31264573222223,7979267
807,31264752132122,8037451
808,31264752313121,8555217
809,31265471111111,10151989
810,31265471122112,7140127
811,31265471122133,8169326
812,31265471312213,7258251
813,31265471313113,6741999
814,31265471321111,6354097
815,31265472233321,10190780
816,31265472312233,7258430
817,31265741233331,10046953
818,31267542222233,9392533
819,31267542313133,10185409
820,31275461112233,10356069
821,31275461322233,10457298
822,31275462133211,8725850
823,31275462223211,8766322
824,31275462311213,9195484
825,31275462312212,9284476
826,31275463311122,9987492
827,31276452133322,7194328
828,31276452313313,8461698
829,31452671323211,5983269
830,31452671332232,6343941
831,31452672322331,6374179
832,31456722111221,8010577
833,31462751111111,8567296
834,31462751113322,7369010
835,31475261322233,7705685
836,31475262331313,9223176
837,31475262333221,7667991
838,31524673332122,10878137
839,31527643332122,6418243
840,31564272212111,12286969
841,31564272213311,7129816
842,31564273113311,7784835
843,31572461122133,7937022
844,31624751112233,6753003
845,31624753312211,6622341
846,31627452221333,10229021
847,31654272313322,11207052
848,31754621331122,9855163
849,31765242322121,9635177
850,32145671111111,13486811
851,32145671123333,7777759
852,32145671132222,7294653
853,32145671221112,7821791
854,32145671333333,7761695
855,32145672113333,7312505
856,32145672212222,7410113
857,32145673112222,6615855
858,32145673311113,7554347
859,32146751232323,7514030
860,32146752232223,9238480
861,32147562313223,6626814
862,32147562333233,11869945
863,32147651123333,11586653
864,32147651132222,10570279
865,32147651213333,11949785
866,32147651312222,11000546
867,32147652113333,10709905
868,32147652231332,10381991
869,32147652233213,13682611
870,32147652331322,11262812
871,32147652332213,13239781
872,32147653112222,10784887
873,32156471111111,8635819
874,32156471113211,6872218
875,32156471232332,6331237
876,32156472312332,6683991
877,32156472332132,6581270
878,32156472332321,7233892
879,32156472333332,7481605
880,32156473223123,6141341
881,32156741112323,12543174
882,32156742311123,6761516
883,32156742313223,8015770
884,32156742333131,6787522
885,32157641232323,7557728
886,32157642231323,7613564
887,32164571111111,9400077
888,32164571111231,6549958
889,32164571232323,6740729
890,32164572232223,8027102
891,32164572232313,8010952
892,32164572233321,7821771
893,32164572312323,7547040
894,32164573323212,7138837
895,32165741111111,11291207
896,32165741111132,7278960
897,32165741233223,6996898
898,32165742211112,9164824
899,32165742331112,6740124
900,32165743311131,7137118
901,32167451111111,9443595
902,32167451213333,7528355
903,32167451222222,7229969
904,32167451312222,7183383
905,32167451333111,6946923
906,32167452211121,7428736
907,32167453222313,6410686
908,32167453313333,7413626
909,32167453321232,7309314
910,32174561112323,9162787
911,32174561232113,9557007
912,32174561232233,8447841
913,32174562231212,7658498
914,32174652312332,6566547
915,32174652332132,6698763
916,32175461111111,9687656
917,32175461113112,6714294
918,32175461221112,6941458
919,32175461333111,7165161
920,32175462233111,7560881
921,32175462312323,10055789
922,32416753121222,11861802
923,32417562113321,11351174
924,32417652132131,7002447
925,32417653132121,6081430
926,32451762331121,6201798
927,32456173212332,7964740
928,32456711233133,15056513
929,32465172112121,7686772
930,32465172132131,6299856
931,32465172133121,6596382
932,32465172332321,7378045
933,32465173123121,6917217
934,32465173132121,7117827
935,32465173133111,7701644
936,32465173233221,8240107
937,32475161232323,8413025
938,32475163331222,8641694
939,32476513232231,7313235
940,32517463131311,11872336
941,32546713323212,7999506
942,32547611121113,7425351
943,32547611131112,6892599
944,32547611213111,7048002
945,32547611312111,7380369
946,32547612111311,7175198
947,32547613111211,7045694
948,32561471113133,8103087
949,32561471121311,7267169
950,32561471122211,7855900
951,32561471131211,7334936
952,32561471211131,9295418
953,32561471311121,7435805
954,32561472133313,7050265
955,32561472213122,7023690
956,32561473222223,6652428
957,32561473323212,6744526
958,32567412122222,7748702
959,32567412131312,9592285
960,32567412222212,11787248
961,32567413131212,7610857
962,32567413133333,9326169
963,32576142313223,7600797
964,32615473332122,7835839
965,32647152133121,8930407
966,32647153132121,6127113
967,32647512333233,12422920
968,32657143121213,9358954
969,32657412111212,9197384
970,32671453123313,9631771
971,32674152113333,11125854
972,32714652332132,7092756
973,32716452123212,10611597
974,32741651121311,9716139
975,32741651131211,7681002
976,32741651211131,7149277
977,32741651311121,7432559
978,32741652111113,7835127
979,32741653111112,7825616
980,32745611223332,6842043
981,32745612313322,7962100
982,32745612322331,6670095
983,32751643321232,8234372
984,32754163211123,7084655
985,32756141233121,8428472
986,32761452121313,7824158
987,32761452122222,8316157
988,32761452222212,7792753
989,32761453121312,10905852
990,32761453133333,7967510
991,32765411112221,7726492
992,32765411121113,7008194
993,32765411131112,6685975
994,32765411133113,7310604
995,32765411331113,7303945
996,32765412221312,6948997
997,32765412323222,7221660
998,32765413122212,6634849
999,32765413223312,6589490
1000,32765413231223,7832823
1001,32765413322312,6511972
1002,34125672131213,7486065
1003,34125672131312,8326666
1004,34125672221222,7804075
1005,34125673133333,8556561
1006,34127651121113,6984203
1007,34127651131112,6898242
1008,34127651213111,7089959
1009,34127651312111,7406348
1010,34127652111311,6959428
1011,34127653111211,7014853
1012,34162752132212,14273889
1013,34165271112212,8529099
1014,34165271121311,7889655
1015,34165271131211,7388893
1016,34165271211131,9077287
1017,34165271311121,6933430
1018,34165271311133,7630008
1019,34165272323333,7112321
1020,34165273133312,8920583
1021,34165273222322,6386268
1022,34165273311131,7009882
1023,34167252213323,8145154
1024,34172562132332,8059984
1025,34172562313331,8624220
1026,34175263321232,8272576
1027,34216572213122,11139593
1028,34261572132131,6257419
1029,34261572133121,6567997
1030,34261573123121,6711649
1031,34265712212132,10448749
1032,34275161312213,7819985
1033,34275162112322,7530074
1034,34275162213221,8276140
1035,34516271111111,8088711
1036,34516272312332,8851860
1037,34516722313223,9930549
1038,34517622231323,8295610
1039,34521672223232,7678686
1040,34526713232312,7082350
1041,34527612211322,11680056
1042,34527612231122,11371723
1043,34527612231332,12473107
1044,34527612331322,11369480
1045,34527613312133,11573980
1046,34561272122123,10820458
1047,34561272122321,11298945
1048,34561272212213,13718973
1049,34561272213122,11227045
1050,34561272232211,13261585
1051,34561273221233,10724605
1052,34561273233131,10624196
1053,34561273311233,11130197
1054,34561273313321,12688610
1055,34561273321133,11575068
1056,34561273321223,10881187
1057,34561721111111,8765382
1058,34562171321111,7073170
1059,34562171321231,6904882
1060,34562172232313,9123602
1061,34567212223232,8946960
1062,34617252111212,9820727
1063,34617252123212,9728905
1064,34617252132212,10395195
1065,34617522221333,9256387
1066,34621572132131,7323414
1067,34625172111212,10512302
1068,34627512232313,7394889
1069,34651271123111,7222613
1070,34651272332132,6894598
1071,34675212222122,10743856
1072,34715262221123,10559491
1073,34716522223211,9389803
1074,34721652121313,10070069
1075,34721652131213,9119922
1076,34721652221222,10197321
1077,34721652222212,9580958
1078,34721653333313,9003150
1079,34725611212211,7979553
1080,34725612111113,6873273
1081,34725612121322,7947424
1082,34725612231212,7965789
1083,34725612231332,6985886
1084,34725612322232,7462824
1085,34725612331322,7372575
1086,34725613111112,7554219
1087,34725613111133,7329995
1088,34725613132223,7374967
1089,34725613311113,7352456
1090,34761252323222,6957492
1091,35126741232212,8825042
1092,35126742231233,8794590
1093,35127462331331,9272184
1094,35162472122231,7021300
1095,35162472123233,8976999
1096,35162473122221,6906689
1097,35162473323131,7029126
1098,35162473332122,7810117
1099,35162473332131,6962719
1100,35162742213323,9056961
1101,35167242132212,8853532
1102,35172461232323,8405829
1103,35174262213131,10539192
1104,35174262231113,9279146
1105,35246171111111,7831082
1106,35246171113322,6809744
1107,35246172213311,7587022
1108,35267141223233,6424142
1109,35267141321132,13417865
1110,35271461322233,6963827
1111,35416721113112,6953007
1112,35416723232213,9391033
1113,35417622223133,10179667
1114,35426712131132,7787795
1115,35426712311312,6894721
1116,35426713111313,8259017
1117,35426713131113,7483526
1118,35426713312211,7894819
1119,35461271111231,8095245
1120,35461271321231,6895833
1121,35461272222323,7159431
1122,35462171131313,7660687
1123,35462171212121,8022690
1124,35462171221223,6602331
1125,35462171332331,7399291
1126,35462172213311,7900446
1127,35462172223331,7207470
1128,35462172312131,6989043
1129,35462173123211,7336899
1130,35462173131311,8190807
1131,35462173221221,7886669
1132,35462712322322,8800152
1133,35472163222313,7182122
1134,35472163231322,7956746
1135,35476122221111,8156745
1136,35614722321233,8505696
1137,35617423131332,7752376
1138,35624712121232,11019812
1139,35624712321212,12828258
1140,35624712321332,10785928
1141,35624712331232,10873936
1142,35714623111322,9384386
1143,35721642221213,14437425
1144,35762142222113,8682564
1145,36125471111333,7451394
1146,36125471212112,10548862
1147,36125471213111,6812298
1148,36125471222111,10736173
1149,36125471312111,7163258
1150,36125472111311,6784441
1151,36125472121223,6507646
1152,36125473111211,7295015
1153,36125473232222,7979731
1154,36125473323233,7716542
1155,36125743222331,12408765
1156,36127451333222,6700791
1157,36145272122222,9087309
1158,36145272131213,11817078
1159,36145272131312,8080188
1160,36145273333313,9304968
1161,36147251121311,7671969
1162,36147251131211,8037594
1163,36147251211131,8361842
1164,36147251311121,6999266
1165,36147252111113,8943311
1166,36147253111112,7506980
1167,36152741231312,9927285
1168,36152742131321,8757532
1169,36172452133133,10501446
1170,36217452131333,10186204
1171,36217541223311,5995142
1172,36217543213112,6316337
1173,36241573212332,6610035
1174,36241753212311,7663627
1175,36415272123212,9449717
1176,36417522123311,8487305
1177,36514272212111,11771248
1178,36521472113321,8287895
1179,36521472331121,6985104
1180,36527411131133,7034068
1181,36527412111113,6930513
1182,36527412131222,8138390
1183,36527412211322,8212769
1184,36527412221312,7133216
1185,36527412231122,7208729
1186,36527412322232,7324610
1187,36527413111112,7312889
1188,36527413311311,6850918
1189,36541272323222,6882289
1190,36542712121322,10664399
1191,36547212121313,8996018
1192,36547212122222,9532614
1193,36547212131312,9577194
1194,36547212221222,9086723
1195,36547213331333,8188308
1196,36712542121112,11103981
1197,36712542121121,10405226
1198,36712542121211,12240496
1199,36712542122111,10969157
1200,36714252232223,7154269
1201,36714521232113,9875711
1202,36714522121322,9817434
1203,36714522122213,7956422
1204,36714523132223,8091594
1205,36714523132322,7937469
1206,36721451131331,6979323
1207,36721452121322,7984075
1208,36721452122123,6655595
1209,36721452122213,7978874
1210,36721452122321,7457031
1211,36721452131111,7377740
1212,36721452223232,7139228
1213,36721453113113,7758589
1214,36721453121111,9426102
1215,36725411121212,11794216
1216,36725411131313,11830455
1217,36725411212121,11862659
1218,36725411313131,11914055
1219,36725412111212,12776308
1220,36725412121112,11805659
1221,36725412121211,12158215
1222,36725412121232,11866158
1223,36725412123212,12570720
1224,36725412321212,12363066
1225,36725413111313,13616778
1226,36725413131113,12237429
1227,36725413131311,14299780
1228,36741252122123,11957831
1229,36741252122321,11168478
1230,36741252122333,10781989
1231,36741252123323,11541762
1232,36741253233131,11382618
1233,36745211211221,6501629
1234,36745212121223,6781539
1235,36745212122312,8474119
1236,36745212122333,7200135
1237,36745212123323,8092734
1238,36745212131111,6805576
1239,36745212223232,7148306
1240,36745213121111,8777909
1241,36745213131131,6675865
1242,36745213133111,7325137
1243,36745213232213,6987750
1244,36751243222322,7323409
1245,36752142122132,7813089
1246,36752142123221,7318110
1247,36752143132232,6509191
1248,36752143133222,7927122
1249,36752143211132,7395491
1250,36754123232222,12718681
1251,37246511112233,8961246
1252,37256142321233,8428985
1253,37415622333221,9488219
1254,37426513132313,10893925
1255,37452162323312,7832144
1256,37516422333311,7437423
1257,37561241311112,7223456
1258,37612453122233,7325522
1259,37612542221111,8596201
1260,37614252221123,9360835
1261,37614521111111,9839520
1262,37614521323232,6417305
1263,37614522111221,7273903
1264,37614522113321,8264808
1265,37614522313322,8613529
1266,37614522323312,7222300
1267,37614523232213,8135607
1268,37615421113322,9090044
1269,37615422211133,9033163
1270,37615422223133,9153442
1271,37615422313121,8513278
1272,37615422313331,9140403
1273,37615423121132,9658691
1274,37624152311213,9365727
1275,37624511232233,8465780
1276,37624512121322,9773169
1277,37624512231212,7553816
1278,37624513131323,8048301
1279,37624513231313,7847757
1280,37641252222323,8320210
1281,37642152213311,9781316
1282,37642513122221,8413569
1283,37645122312221,7100538
1284,37651242211133,10134037
1285,37651422312311,9531274
1286,37652141113232,6871208
1287,37652143231322,7758356
1288,37654212311222,8946605
1289,41236753232321,7574733
1290,41237561313131,10660315
1291,41263751312222,11524333
1292,41325671212211,7737701
1293,41325762313223,7194340
1294,41325763131233,6880020
1295,41352671212112,10734787
1296,41352671212121,11066165
1297,41352671222111,11134193
1298,41357622313112,6171933
1299,41367253111133,10134700
1300,41532672313211,13618484
1301,41532761233133,9063512
1302,41563273113311,8120227
1303,41576322212222,9999779
1304,41625372313211,21575395
1305,41625373121213,7593074
1306,41625731222231,8833281
1307,41635721212121,12957454
1308,41657321222312,8130082
1309,41673252212222,10553658
1310,41673521111111,8598667
1311,41723562313211,8216990
1312,41725361232113,9288692
1313,41725361321213,11205550
1314,41725362221213,9592216
1315,41725362313211,10371456
1316,41725362313223,10418780
1317,41725363121222,8937446
1318,41725363121231,8555646
1319,41725631111111,10253349
1320,41725631211122,7972495
1321,41725632322331,6975074
1322,41725633111133,7540323
1323,41725633121123,7271784
1324,41725633211111,8320690
1325,41726352313322,7914751
1326,41726532312233,9826513
1327,41735261323313,9845178
1328,41735262312233,9236696
1329,41735263123223,7433231
1330,41735621233232,7715925
1331,41735622313322,9023807
1332,41736521233232,9257347
1333,41736522332231,7178851
1334,41752631222123,6790560
1335,41752632311123,7437247
1336,41752632312323,6836800
1337,41752632313211,25629441
1338,41756231321213,10731427
1339,41756233121231,8374859
1340,41762532221333,9350369
1341,41762533123331,8589930
1342,41765231233232,7630498
1343,41765322221312,6941875
1344,41765322313211,14963773
1345,41765323122212,7318087
1346,42136752131312,9955910
1347,42137561123333,9409988
1348,42137653122131,7111623
1349,42137653132121,5996460
1350,42157633231322,9462157
1351,42163751121212,10947303
1352,42165373223123,5948115
1353,42167532131333,10222912
1354,42315673112111,6384597
1355,42351671212211,9235049
1356,42351763231133,13534134
1357,42367153111121,6545082
1358,42367153211123,7181864
1359,42516372233111,8952635
1360,42561733323122,6330092
1361,42573612323231,7867437
1362,42573613322231,7291930
1363,42613572313211,8205463
1364,42615371313332,13174583
1365,42615372213311,10504678
1366,42615372221213,9589025
1367,42615372313211,10699306
1368,42651372213311,6958424
1369,42651733311122,8752111
1370,42673512232133,9609172
1371,42751632321233,9325944
1372,42751632323231,7453283
1373,43126572133313,10054287
1374,43167251232212,8490773
1375,43176252123131,7069986
1376,43176252311132,7520143
1377,43216573132121,6272232
1378,43216573132223,7026409
1379,43216573212311,6891580
1380,43216573212332,9915772
1381,43512671313332,7941074
1382,43527612312323,6688179
1383,43561271111111,7541731
1384,43571262122222,9642532
1385,43572161111111,9012735
1386,43572612312323,7915542
1387,43576211123222,8411237
1388,43576212112232,10561744
1389,43615271333312,7156205
1390,43615272113321,7941241
1391,43617521223221,10432229
1392,43621752213323,10464399
1393,43651722323132,7610355
1394,43675122222122,11919259
1395,43675211221331,8001973
1396,43721653231313,9183749
1397,43751623123313,9286153
1398,43765212222122,11648027
1399,45167323322231,7650979
1400,45176231131313,16500444
1401,45176231133113,16460225
1402,45176231331113,15985619
1403,45176233131113,16942581
1404,45176321131133,13991614
1405,45213672221123,8907520
1406,45273162222122,10330788
1407,45276131131133,12217072
1408,45312671222312,6706524
1409,45312672223331,7477194
1410,45312672233321,6996594
1411,45312672313211,21967793
1412,45312673132313,12007471
1413,45312673222112,6670302
1414,45312673231313,11849865
1415,45312761113211,7689626
1416,45312761133311,7340172
1417,45312762221111,8999176
1418,45312762311111,7372838
1419,45321671212211,8044889
1420,45321671221121,8044371
1421,45321673113311,13342391
1422,45327612222323,8595232
1423,45362712122222,10209207
1424,45367122223133,8736346
1425,45367211111132,7757506
1426,45367211211122,8210764
1427,45367213111133,8334793
1428,45376121131133,12917833
1429,45376121331311,9455364
1430,45376211333123,7655288
1431,45376213131323,12133014
1432,45376213333322,7089391
1433,45612371133221,8054080
1434,45612372331121,6798467
1435,45612373112231,6974454
1436,45612373132121,6657981
1437,45612373132223,7336640
1438,45612373322111,6439891
1439,45612373332122,6865517
1440,45612373332221,6922047
1441,45613271331221,7858846
1442,45613272233111,9887070
1443,45621373123331,8649549
1444,45621373211111,10797430
1445,45621732212123,9000818
1446,45621732233333,8627175
1447,45623712332123,6327976
1448,45623713322321,6063426
1449,45637123132121,6971992
1450,45637123332122,6109416
1451,45671231132231,6204797
1452,45671233112132,6670602
1453,45673212212132,8027352
1454,45673213211222,8200869
1455,45713623223132,6603315
1456,45721363321313,7678241
1457,45721363322231,7409410
1458,45732612233321,6670778
1459,45736121122211,10844043
1460,46123571111111,8106180
1461,46123573232123,9934795
1462,46125731333123,7993947
1463,46127351131313,10028073
1464,46127352131333,11286275
1465,46127353131323,12124540
1466,46135272133313,9466293
1467,46153273131131,11454339
1468,46157233333232,6984032
1469,46157321331233,8353543
1470,46215372121223,7392204
1471,46215372313211,12801875
1472,46257132211133,9097662
1473,46257313312211,14236438
1474,46273512122312,7408484
1475,46273513221212,7048204
1476,46275311123222,8648836
1477,46275312112232,10864306
1478,46275312132212,9582407
1479,46275312232133,8441076
1480,46275312313211,10300941
1481,46275313121222,8886794
1482,46275313312211,10268884
1483,46321752111131,7831708
1484,46352171211233,6393842
1485,46352172113231,5925521
1486,46372511221331,8667355
1487,46375211211332,6426149
1488,46375212113111,7054028
1489,46375212132131,6410099
1490,46375212132221,7071863
1491,46375212332222,6908317
1492,46375213112111,8753156
1493,46375213123121,7989561
1494,46375213333121,6502293
1495,46512371331221,8428884
1496,46512372113321,9165899
1497,46513272332111,6773986
1498,46513273113221,6746415
1499,46523711331332,8067147
1500,46527133111121,6551812
1501,46572311223122,8600686
1502,46572312132122,7016776
1503,46721533123313,8952664
1504,47123562232133,9781181
1505,47123651233232,7246610
1506,47126351233232,9876720
1507,47126532133133,8276937
1508,47132562311111,7915949
1509,47132563222331,10581984
1510,47132652233321,7893163
1511,47135622132332,7401104
1512,47136252133112,10450306
1513,47152361233232,6535885
1514,47152631322131,8402006
1515,47156231332313,8424072
1516,47156233211132,8054894
1517,47156233223312,6956155
1518,47156233233113,8209613
1519,47156233322312,6678664
1520,47156321111111,8480260
1521,47156321133311,8583243
1522,47156322132311,7281796
1523,47156322313232,6724881
1524,47156322332132,6280507
1525,47156322332312,6564538
1526,47156323223123,7237344
1527,47162351322122,7360170
1528,47163522131222,7043759
1529,47165321232113,9549005
1530,47165321322131,13899386
1531,47165322132212,9574703
1532,47165322133112,10923683
1533,47165322232133,8230227
1534,47165322313211,10746733
1535,47216352131333,11488895
1536,47251363131113,11143337
1537,47251632131312,9514990
1538,47256133212311,7264306
1539,47256133321232,7169899
1540,47265312122222,7714344
1541,47265312131312,8040020
1542,47265312313211,21549143
1543,47321651311133,8062316
1544,47352612123131,6920577
1545,47352612311132,7128158
1546,47352612313211,13461724
1547,47512632312323,6845648
1548,47621532232331,6281309
1549,47621533231121,6557083
1550,47632152233321,6665513
1551,47632153212311,8192503
1552,47632153232321,7540866
1553,47632513212332,10568411
1554,47652132231323,8184514
1555,47653213211231,10233378
1556,47653213232111,5989145
1557,51264731113322,6932243
1558,51264732213311,6535796
1559,51267342312233,11544993
1560,51324671211122,7521739
1561,51324672212111,9719769
1562,51324673113311,11453474
1563,51324761111123,8474246
1564,51324763113332,8165865
1565,51342672212111,9272358
1566,51342763312223,16436838
1567,51367241211113,6653438
1568,51423671221331,7048296
1569,51426731111111,8262028
1570,51426733312211,7507521
1571,51472361131313,9999996
1572,51472633331312,9490869
1573,51623471321111,6023281
1574,51623743313321,8863872
1575,51624731312123,8588423
1576,51624733323113,9367989
1577,51632741323232,6686621
1578,51642371122313,9005776
1579,51642731113322,9823757
1580,51647231113232,6434244
1581,51723643131311,9444971
1582,51724362122222,8172789
1583,51724363121213,8025480
1584,51726433123313,9533406
1585,51732643121213,9962098
1586,51742632323231,7869015
1587,51742632323333,8542811
1588,52134761232113,7549123
1589,52147631121311,7641779
1590,52147631131211,7978983
1591,52147631211131,6865051
1592,52147631311121,7009267
1593,52147632111113,7585534
1594,52147633111112,9777548
1595,52163471112122,7934871
1596,52163471213111,6816930
1597,52163471312111,6724378
1598,52163471333123,6224964
1599,52163472111311,6791304
1600,52163472131222,6676624
1601,52163473111211,7197985
1602,52163473111331,7115873
1603,52163473221323,6670790
1604,52163473323332,11450108
1605,52167342121232,9437951
1606,52167432121313,8484666
1607,52167432122222,10362163
1608,52167432131213,9024571
1609,52167433133333,10015760
1610,52167433331333,8596861
1611,52174633223123,8928205
1612,52314673311311,14125883
1613,52314761322122,8041339
1614,52341671111111,22465334
1615,52341671122211,8213445
1616,52341671311313,6671388
1617,52341672211112,8291951
1618,52341672232313,7704188
1619,52341672323222,8395217
1620,52341672323312,11037626
1621,52341673133111,7078166
1622,52341673232213,7550739
1623,52341673232333,6733141
1624,52341673323212,10842644
1625,52361472121313,10280096
1626,52361472131312,8498420
1627,52367142211121,8680996
1628,52367412322232,7281905
1629,52374161112323,7519535
1630,52376413222223,8148778
1631,52463173212332,9759247
1632,52463713212332,9797638
1633,52471631223113,7335668
1634,52471631323112,7521194
1635,52614372313211,12167092
1636,52641733212311,7124920
1637,52641733232321,7255031
1638,52673413232123,6768296
1639,52713461232323,6679900
1640,52714361232113,11036206
1641,52714633213223,7249210
1642,52714633223123,7258888
1643,52731641233112,6383808
1644,52731641323112,6154148
1645,52736141322233,7252935
1646,52741362313211,8359018
1647,52741362313223,9528447
1648,52741632122333,10735997
1649,52741632123323,13260669
1650,52741632212213,11231786
1651,52741632212231,11682969
1652,52741632232211,10881273
1653,52741633221233,10718357
1654,52741633313312,10571976
1655,52741633313321,11390063
1656,52741633321223,12605015
1657,52741633323311,11017501
1658,52743611111213,7288417
1659,52743611111312,9003954
1660,52743611112131,7282979
1661,52743611113121,9157665
1662,52743612131111,6943345
1663,52743613121111,8408063
1664,52761431111213,7234126
1665,52761431111312,7283073
1666,52761431112131,7577651
1667,52761431113121,7680467
1668,52761432131111,7378303
1669,52761433121111,7085358
1670,52763143222331,11208847
1671,52763411222312,14876433
1672,52763411333123,10126167
1673,52763413222112,15384334
1674,52763413223312,15343613
1675,52763413322312,14891397
1676,53126471231231,9057442
1677,53126471231321,7231396
1678,53126471321321,7747746
1679,53146272123233,10225438
1680,53147262123131,7113146
1681,53162743312223,16657131
1682,53274163211222,9279747
1683,53421671321111,9519417
1684,53421671321231,6342075
1685,53426171112233,7342474
1686,53462711113322,9569293
1687,53467211321111,6053052
1688,53476121323112,7902234
1689,53476121323322,8138295
1690,53614721212121,10093003
1691,53621471331221,6633170
1692,53642171111111,8150514
1693,53672142221213,13660140
1694,53714622233111,11232758
1695,53721463223312,8375097
1696,53724612121112,9935516
1697,53726143333121,7142808
1698,53741621323112,7331787
1699,53741621332112,7562401
1700,53742612323333,8678463
1701,53761242121211,9853927
1702,53761242221213,10441149
1703,53761242321212,9780115
1704,53762143222331,8346399
1705,53762413322123,9133060
1706,54123673233323,7955145
1707,54126371331221,6744926
1708,54127632131213,9691718
1709,54127632222212,9194167
1710,54127633131212,9688558
1711,54127633133333,10153261
1712,54127633333313,9438116
1713,54163271133221,7477602
1714,54163272233111,9723642
1715,54167231121113,6764263
1716,54167231131112,6862809
1717,54167231221211,7322753
1718,54167231333213,6779172
1719,54167232112112,7278343
1720,54167232133313,7712643
1721,54167232333113,6739438
1722,54167233232333,8692808
1723,54167233331213,7666849
1724,54172633132313,9491256
1725,54217362233213,15660211
1726,54217632132212,14004551
1727,54231671123111,7264243
1728,54231673123121,6363539
1729,54261373123121,6911304
1730,54261732231233,8546659
1731,54276132233312,8310448
1732,54312671131331,7141975
1733,54312672212111,7809830
1734,54312673311311,13278764
1735,54317261113112,6391359
1736,54317621111222,8375316
1737,54321672212213,11352727
1738,54321672212231,10635365
1739,54321672232211,11107692
1740,54321673313312,16098764
1741,54321673313321,16541113
1742,54321673323311,16490086
1743,54321761211221,6932547
1744,54321763113113,9377566
1745,54326171111231,9430697
1746,54326171112233,6686154
1747,54326171321231,6796109
1748,54326711112212,8670615
1749,54327612223232,7575909
1750,54361272223232,7724271
1751,54362171113133,8051400
1752,54362711111231,6441097
1753,54362711323112,7864842
1754,54367121112212,9563340
1755,54367121113211,7887812
1756,54367121113331,10899548
1757,54367122211121,8744237
1758,54367122311111,7899309
1759,54367123311113,7866135
1760,54367211132222,10704922
1761,54367211213333,13371105
1762,54367211222132,10913532
1763,54367211333213,11624332
1764,54367212211322,13283415
1765,54367212231122,11314419
1766,54367212233213,10877692
1767,54367212332213,11176673
1768,54367212333113,11722765
1769,54367213112222,12612705
1770,54367213312133,12350070
1771,54371261113331,8236345
1772,54371621113112,9656592
1773,54371621113322,6621030
1774,54376121322233,7737153
1775,54376211111132,7942777
1776,54376211111222,7323685
1777,54376211113133,8283005
1778,54612371112311,11763775
1779,54612372222131,8674587
1780,54612732112223,8191933
1781,54612733322213,8300353
1782,54621371133311,7641128
1783,54621372211121,8361311
1784,54637211132111,6460601
1785,54671232221213,8814151
1786,54712361323313,8362043
1787,54712362223322,8770302
1788,54716232222113,8681883
1789,54716321112323,8378846
1790,54716322313223,6925194
1791,54721631111111,26722474
1792,54721631122121,7837284
1793,54721631311133,7431915
1794,54721632133232,7249712
1795,54721632212222,7730488
1796,54721632212231,6744267
1797,54721633231322,7194290
1798,54721633313321,7733485
1799,54721633333331,6794788
1800,54723612131312,10472655
1801,54723612221222,8570075
1802,54723612222212,8775567
1803,54723613121312,9632191
1804,54723613333313,9729399
1805,54761233322321,7495353
1806,54763212322232,7111165
1807,56123471222312,10427661
1808,56123471223221,9898088
1809,56123471331332,12672018
1810,56123471333123,10884078
1811,56123472322121,10465242
1812,56123472331331,9822632
1813,56123473133132,11562385
1814,56123473133231,9733701
1815,56123473222112,10061265
1816,56123473223312,10037450
1817,56123473322312,10405659
1818,56124371111231,6282399
1819,56124371232323,8633177
1820,56127433332323,7697784
1821,56132472333332,7830838
1822,56132473211111,7600352
1823,56132473213211,7601300
1824,56143273332323,9503538
1825,56147231222132,16872569
1826,56147231333213,10485284
1827,56147232233213,10919375
1828,56147232332213,11286324
1829,56147232333113,10937090
1830,56147322333233,9750905
1831,56173421113112,6374840
1832,56174232323333,8605059
1833,56174321232113,10572835
1834,56213471111111,8719792
1835,56213743313333,10253645
1836,56243173133111,9340472
1837,56243713121333,9563827
1838,56247132333233,7861557
1839,56271433111313,10505134
1840,56271433123313,10246897
1841,56271433132313,10770207
1842,56274132331133,8356960
1843,56274312313211,12215841
1844,56321473233323,6966954
1845,56321742211112,10395700
1846,56324171221331,6835994
1847,56327411211332,6891821
1848,56327413213112,6810527
1849,56341273121213,9967487
1850,56341273131212,8940760
1851,56347122333233,8941521
1852,56347211213111,7042179
1853,56347211222132,7198681
1854,56347211312111,6669529
1855,56347211331131,6486123
1856,56347212111221,11727708
1857,56347212111311,8856949
1858,56347212123233,8134080
1859,56347212232223,7819637
1860,56347213111211,8483862
1861,56347213131332,7441041
1862,56423171231231,6268084
1863,56423171231321,7644897
1864,56423171321321,6898986
1865,56423172112121,7859084
1866,56423173132121,7104484
1867,56423173133111,7785800
1868,56432713122122,8161355
1869,56712341232113,7126676
1870,56712343211123,7821192
1871,56721343123331,8429767
1872,56721432312233,9803348
1873,56723411113313,7239738
1874,56723411121113,7359264
1875,56723411131112,6754436
1876,56723411222312,6618900
1877,56723412122312,6488146
1878,56723412323222,7096254
1879,56723413221212,6842188
1880,56723413222112,6737329
1881,56723413331111,6849627
1882,56732143122113,9464241
1883,56741231121311,7129561
1884,56741231131211,9248879
1885,56741231211131,8980787
1886,56741231311121,6872883
1887,56741232111113,7868059
1888,56741233111112,7775127
1889,56743212122222,8600106
1890,56743212221222,10200619
1891,56743213121213,10634848
1892,56743213121312,9240644
1893,56743213331333,10046098
1894,57123461111111,8277486
1895,57164322131312,7730641
1896,57214361323232,6418694
1897,57214632212213,13911037
1898,57236141113232,7001667
1899,57236141322233,6801913
1900,57236141323232,9945726
1901,57241631322113,6182906
1902,57241631323112,5992025
1903,57246131112233,7754400
1904,57264132111323,8643521
1905,57321641311112,7176835
1906,57321642311132,7200531
1907,57364212213311,9741950
1908,57364212313211,8218322
1909,57364213332122,6451617
1910,57642311113322,7192112
1911,61234572231323,7915668
1912,61234573232213,7134361
1913,61235741313131,12520137
1914,61257343232123,7104846
1915,61274351313131,9495391
1916,61274532231323,7796542
1917,61352472233321,6657869
1918,61352472313211,13165135
1919,61452731311313,9747539
1920,61453721111111,8527201
1921,61453721311112,6880606
1922,61453723111121,6793630
1923,61472532123332,7606122
1924,61472533112111,6444112
1925,61527431111111,8911708
1926,61534272311132,8872958
1927,61534721112311,7666336
1928,61534721113211,7228455
1929,61543271111111,9354169
1930,61543271112311,7920126
1931,61572432312323,7248230
1932,61734523222331,9871026
1933,62134572321323,9448609
1934,62135471122121,7754553
1935,62135472132131,6686345
1936,62135473122131,6462364
1937,62135473123121,8443277
1938,62135473131131,7747346
1939,62135473132121,7580358
1940,62135473232231,7135923
1941,62135473322321,7607562
1942,62135743222331,7888043
1943,62135743312223,13173962
1944,62147353123121,7262500
1945,62147353132121,6140564
1946,62154733321121,6485772
1947,62157342132212,9221284
1948,62173543232132,7151724
1949,62174351122133,9976160
1950,62174533311212,9014350
1951,62317453112111,6311591
1952,62317453312211,10164728
1953,62351743112123,11670319
1954,62371453311311,8749378
1955,62374511322311,6173561
1956,62374513112321,7267960
1957,62374513312112,5899468
1958,62435172211133,10625617
1959,62435172311132,11404077
1960,62435711222222,7141733
1961,62453713311122,9006393
1962,62471532232133,7451055
1963,62475131322323,7187472
1964,62531472321233,7922089
1965,62543711211113,7762704
1966,62543711311112,6554224
1967,62571432321233,9713893
1968,62735143223213,8708536
1969,63125741112323,13159130
1970,63125743131233,6996149
1971,63125743133312,7411125
1972,63142571111111,8078607
1973,63142571132321,11250854
1974,63142573112123,10933129
1975,63172452312323,6517439
1976,63172452313211,13394331
1977,63174522332132,7118425
1978,63247511123132,6677458
1979,63251743133231,10078562
1980,63452711311313,7738378
1981,63452712333221,7298453
1982,63471522123131,8215525
1983,63471522323132,9011085
1984,63471522332132,7359311
1985,63472512123332,8095870
1986,63512743313333,10471493
1987,63541271212211,12348522
1988,63542713121333,11487629
1989,63574212123131,7058270
1990,63574212313211,11423822
1991,63712542221111,7606655
1992,63714252123131,8864933
1993,63714521112323,8594610
1994,63714522332132,6508541
1995,63721541233322,7408878
1996,63724153121213,10251949
1997,63725141112323,12648783
1998,63725141233121,8580698
1999,63725142123131,11590286
2000,63725142223133,10489000
2001,63725143122113,9637999
2002,63725143123313,13549677
2003,63741252222323,8032249
2004,63741522123131,8290282
2005,63742511232221,8212093
2006,63745123122212,7023473
2007,63751242221321,9818034
2008,63751423122311,8655004
2009,63752141111111,10516404
2010,63752141122211,8854622
2011,63752141123213,6931693
2012,63752142332132,6401579
2013,63752143123223,6708415
2014,63752143212323,6569591
2015,63752143223123,7713166
2016,63752411223212,6737446
2017,63752411333213,11349045
2018,63752412312323,8784449
2019,63752412322112,7051826
2020,63752412333113,11321107
2021,63754213122122,7379081
2022,64125371131313,11591728
2023,64157321133212,15380513
2024,64231572311132,8464661
2025,64257131113223,7510521
2026,64271533221212,7984733
2027,64275131212223,9013012
2028,64275131312123,8705667
2029,64275132211133,10765665
2030,64275132232133,10420940
2031,64275133231112,9860491
2032,64275133312211,8296972
2033,64275311112332,7951382
2034,64275311222222,6890204
2035,64275313312211,7350502
2036,64321572111131,8831663
2037,64321572132131,7338289
2038,64321572311132,8223724
2039,64325713121222,14666450
2040,64351272132131,7367484
2041,64357212313211,8446602
2042,64357213231322,10222961
2043,64357213312211,9344309
2044,64531271212211,11941711
2045,64531272132131,6727165
2046,64531273122131,6590529
2047,64531273123121,8640795
2048,64531273311311,7226002
2049,64531273312211,6722100
2050,64572131122223,7322814
2051,64713253112111,6289399
2052,65123471112311,7104000
2053,65123471233232,6161930
2054,65123472312311,7383466
2055,65132471212112,7674946
2056,65132471222111,7419214
2057,65132471231321,8538380
2058,65132471323121,8225630
2059,65132472131231,6686920
2060,65132472212231,11075617
2061,65132472233321,8763299
2062,65132473111331,8540060
2063,65132473313312,6946037
2064,65132473323311,7105763
2065,65132741223323,6920225
2066,65132743222331,8674133
2067,65134721233232,7821105
2068,65147321232113,10003360
2069,65172431132333,8461012
2070,65174232123131,7358450
2071,65174232133313,7306078
2072,65174232323312,8113941
2073,65174233323212,8064334
2074,65174233331213,7677485
2075,65174322313211,7877527
2076,65174323223123,7724202
2077,65213741111111,8611966
2078,65241371111111,8258501
2079,65243712121322,10926143
2080,65271341332331,8055043
2081,65271432231233,8227081
2082,65274131111111,9723567
2083,65274131311313,6746122
2084,65274131312213,7604655
2085,65274132123332,7329624
2086,65274133132223,7292673
2087,65274133232321,6572178
2088,65274133312223,7149097
2089,65314272311132,6780003
2090,65314272313211,11279774
2091,65321472111122,8671119
2092,65417321232113,7057812
2093,65417323223123,6498718
2094,65417323232123,7052881
2095,65423713321322,7866191
2096,65432173232321,7683865
2097,65471231132213,9215886
2098,65714323223123,7544668
2099,65723143321313,7040431
2100,65732411333123,15031854
2101,65742311212313,6907412
2102,67132541133311,12264597
2103,67145323133312,7723725
2104,67154233323332,11403088
2105,67215343333133,9534321
2106,67231541323112,8975233
2107,67231543323122,9008667
2108,67234513332122,7047025
2109,67245131313323,7338321
2110,67245311112311,10868613
2111,67245311133233,8781080
2112,67254311131133,11785914
2113,67254313311113,7298477
2114,67312452233321,7501823
2115,67312541121221,7293371
2116,67312542221111,9308467
2117,67321451111123,7044481
2118,67321451112311,7569371
2119,67321451212211,12271641
2120,67321451311133,7878014
2121,67321452111122,7328143
2122,67321453113311,8214906
2123,67321542232133,7775699
2124,67341252222323,8266226
2125,67342512222113,8335919
2126,67345122223133,10886023
2127,67345122232133,10503371
2128,67345211111123,7030241
2129,67345211111132,7584855
2130,67345211112233,7306435
2131,67345211113322,7084472
2132,67345211211122,7860617
2133,67345211311133,7745900
2134,67345212111122,7104520
2135,67345213111133,8361817
2136,67354121111111,8124660
2137,67354211212121,7985035
2138,67354211313113,11664580
2139,67354211333111,11618386
2140,67354212111221,8082208
2141,67354212212222,7583058
2142,67354212311132,7669422
2143,67354213111313,9335840
2144,67354213131311,8907531
2145,67354213211132,7571031
2146,67354213313333,7624212
2147,67412353132121,8796342
2148,67412353332221,6851656
2149,67412531131133,8383885
2150,67435121332112,6348081
2151,67435123123121,6379070
2152,67452313321232,9013911
2153,71234563231322,8467405
2154,71263541333222,10724731
2155,71263542323123,10829687
2156,71264533131323,10884951
2157,71264533221323,10740822
2158,71264533231223,12573484
2159,71264533231313,11461382
2160,71326451211311,7037277
2161,71326453132121,6878407
2162,71326543333313,10181934
2163,71345262132131,7937700
2164,71362453113311,8360620
2165,71365423331312,9641664
2166,71423563213232,7930306
2167,71423653213232,7435375
2168,71426353312211,7923950
2169,71426533333223,8957406
2170,71432561232323,7998518
2171,71432561323232,6240006
2172,71432562111221,7457371
2173,71432563232213,7938523
2174,71432563323113,6722447
2175,71432563323122,7212085
2176,71432563332113,6773923
2177,71435261322233,9275699
2178,71435262222122,8410191
2179,71435263211123,9845825
2180,71435263311122,9199215
2181,71435263333133,9371221
2182,71435263333223,9459839
2183,71435623333331,9233911
2184,71436253333112,10141940
2185,71452363213232,7255276
2186,71452632222131,9690167
2187,71453262222221,7761918
2188,71453623311122,10566993
2189,71456321322323,7346319
2190,71456322111221,7692272
2191,71462531113322,9217535
2192,71462532111212,7944623
2193,71462532121112,8202739
2194,71462533111223,9864377
2195,71462533221113,8076489
2196,71463523331222,8252197
2197,71523463131311,10492254
2198,71523463231313,10859015
2199,71523463331312,10349101
2200,71532463221332,7994007
2201,71534262122222,10130064
2202,71542633132322,7798753
2203,71543622111131,6598378
2204,71543623111121,7338337
2205,71546233331213,10065049
2206,71546322231212,10434309
2207,71562433123232,7523794
2208,71563243221221,8448881
2209,71625433213133,13504143
2210,71643252231212,10266874
2211,71643523331213,10554713
2212,72134562312212,9544901
2213,72136541322233,7079264
2214,72143563222331,7163582
2215,72143651121113,7194781
2216,72143651131112,7659265
2217,72143651213111,6964828
2218,72143651312111,6851511
2219,72143652111311,6979051
2220,72143653111211,6944503
2221,72145631233223,6836443
2222,72145633232231,6861311
2223,72145633312223,11083880
2224,72146352232223,8195363
2225,72163452122222,10171070
2226,72163453121213,8558673
2227,72163453131212,9671955
2228,72163453133333,8273927
2229,72163453331333,10187914
2230,72164353131113,9937690
2231,72165431113331,7078413
2232,72165432111113,7358852
2233,72165432111122,9788013
2234,72165432211112,8044800
2235,72165432323312,7114987
2236,72165433111112,6917286
2237,72165433121333,7641976
2238,72165433221233,7278365
2239,72165433233323,7867377
2240,72165433321223,6765539
2241,72165433331213,7458852
2242,72345611111111,9626208
2243,72345611133113,6620408
2244,72345611221223,6021404
2245,72345611222222,6534234
2246,72345611331332,7052429
2247,72345612122111,7540279
2248,72345612331331,5967971
2249,72345613221221,6360465
2250,72345613333331,8039670
2251,72356141112323,7727389
2252,72356141232113,7135385
2253,72356143211123,6833199
2254,72361453232333,6860638
2255,72361542333233,12265533
2256,72365412222212,7503402
2257,72365413121312,10674701
2258,72365413131212,7800784
2259,72365413331333,7953252
2260,72435163333313,11269271
2261,72513641232323,7122442
2262,72513641233322,8304341
2263,72516342313223,7735979
2264,72531463321232,8508523
2265,72534163211123,8870182
2266,72541631111213,7283263
2267,72541631111312,8097521
2268,72541631112131,7581307
2269,72541631113121,7876437
2270,72541632131111,6958615
2271,72541633121111,8628451
2272,72543162311111,6637223
2273,72543163211111,7373026
2274,72543611221223,9744706
2275,72543611223221,10208308
2276,72543611331332,11525677
2277,72543611332331,10351258
2278,72543612331331,9795768
2279,72543613132232,12483138
2280,72543613133222,10082770
2281,72543613221221,10537453
2282,72543613223312,11630451
2283,72543613322312,12025518
2284,72546311323112,6869309
2285,72546313323212,7677854
2286,72561342313223,10321282
2287,72561432213122,12226311
2288,72561433221233,10839070
2289,72561433311233,13949869
2290,72561433321133,11629892
2291,72561433321223,11477064
2292,72563411111213,7171725
2293,72563411111312,7041969
2294,72563411112131,9678658
2295,72563411113121,7689817
2296,72563412131111,6978190
2297,72563413121111,6880817
2298,72643513212311,7234918
2299,72643513212332,6719986
2300,73125463133132,8047893
2301,73146522113231,6533158
2302,73246153312211,6979556
2303,73456123231322,7966029
2304,73516243323113,6911231
2305,73516243332131,7371232
2306,73541262321212,9225479
2307,73542163321133,9264582
2308,73542613132121,6750617
2309,73542613132322,6893726
2310,73564213321322,8924463
2311,73614251112323,9176115
2312,73615241112323,12176575
2313,73615241113322,9961185
2314,73615242223133,9692341
2315,73615243123313,9161164
2316,73615243213313,9472140
2317,73615243331312,9224062
2318,73615243332311,9556912
2319,73615421113322,7165471
2320,73615423213211,9520442
2321,73615423333331,7546209
2322,73624513121132,12210008
2323,73624513332131,10960804
2324,73625141112323,8977652
2325,73625143121213,7626765
2326,73625143333313,7962437
2327,73625412222323,7823600
2328,73642511111111,10316577
2329,73642511113232,8869505
2330,73642511113322,8836345
2331,73642513223222,9655185
2332,73645121113211,8726784
2333,73645122222311,8340593
2334,73645211223113,6346171
2335,73645211231111,8113944
2336,73645211321111,6347258
2337,73645211332112,6601081
2338,73645213112231,6854023
2339,73645213333112,7273272
2340,73651241113322,7663938
2341,73652413211312,8197546
2342,73652413331321,9208368
2343,73654122111122,10202887
2344,73654122221111,7099909
2345,73654211111132,8378870
2346,74123563323221,6567301
2347,74123652322121,10205568
2348,74123653132232,13061798
2349,74123653133132,10624538
2350,74123653133222,10522780
2351,74123653133231,9691744
2352,74125631313311,6948060
2353,74125632121121,7262819
2354,74125632122111,6727637
2355,74125632131111,6942241
2356,74125632321332,6743520
2357,74125633121111,8490190
2358,74125633131233,6612357
2359,74125633132232,6013684
2360,74125633133222,6359293
2361,74125633133312,8464876
2362,74125633332323,7948766
2363,74126352333122,9388622
2364,74132561321231,8828370
2365,74132562121121,8200633
2366,74132562122111,7677119
2367,74132563131221,9457494
2368,74132563132112,7714747
2369,74136522322121,9545586
2370,74152363132232,9387498
2371,74152363133132,9450640
2372,74152363133222,10676255
2373,74152363133231,9431299
2374,74156322122123,7171179
2375,74156322122321,7348027
2376,74156322313223,7362706
2377,74156323132331,6947234
2378,74156323133123,7170759
2379,74163251121122,7972273
2380,74163252112211,7387789
2381,74163252131111,7961735
2382,74163253121111,7902704
2383,74163253131332,6641804
2384,74163253133132,6539638
2385,74163253133213,7086281
2386,74163253133231,6748063
2387,74163253332323,7242609
2388,74165231121212,12489863
2389,74165231131313,11745941
2390,74165231212121,11889732
2391,74165231313131,12266863
2392,74165232111212,12407577
2393,74165232121112,11803068
2394,74165232121211,11950150
2395,74165233111313,12912527
2396,74165233131113,11846114
2397,74165233131311,12570486
2398,74165233131323,11907428
2399,74165233132313,12817939
2400,74165233231313,12829656
2401,74213652323132,6864783
2402,74251633111313,9389643
2403,74256311321222,13065474
2404,74256313111232,15191151
2405,74265312333233,7893178
2406,74312652333332,7879173
2407,74321563311131,8450080
2408,74321653233323,8604207
2409,74325163131323,9172989
2410,74325612221222,7479683
2411,74325613121312,9532638
2412,74325613131212,7489140
2413,74325613133333,8034441
2414,74361253112132,9050279
2415,74361253211231,6610073
2416,74365211121221,7217892
2417,74365211213111,6804526
2418,74365211312111,6714744
2419,74365211313113,7433069
2420,74365211333111,7403469
2421,74365212111311,6853681
2422,74365212222323,7052323
2423,74365212333332,6707217
2424,74365213111211,7178566
2425,74365213121333,6997087
2426,74512361322233,9127559
2427,74512362313223,6821609
2428,74513263121222,13897727
2429,74521632222212,9155925
2430,74521633121213,10279610
2431,74521633121312,9458028
2432,74521633133333,10450950
2433,74521633333313,9346509
2434,74523611121113,7183848
2435,74523611131112,7438414
2436,74523611213111,7337319
2437,74523611312111,6970124
2438,74523612111311,7250883
2439,74523613111211,6949088
2440,74532163123223,8314734
2441,74561231111222,7320318
2442,74561232111113,7430609
2443,74561232221111,8237625
2444,74561233111112,8031025
2445,74561233131233,7217006
2446,74561233233323,8499213
2447,74561233311233,7230873
2448,74561233321133,7128228
2449,74561233321313,8691422
2450,74563211232332,7143624
2451,74653213133222,8389678
2452,75132463233233,8340130
2453,75143263231313,10117588
2454,75146321323331,9198725
2455,75213642223133,7971558
2456,75231463211123,11568883
2457,75234161322233,7149381
2458,75234162221111,9450896
2459,75236143213232,6667239
2460,75241632222323,8185599
2461,75243162211322,13950097
2462,75243611113232,7377031
2463,75243613213232,6430894
2464,75246131333312,9038465
2465,75246311111111,17122507
2466,75246313212311,7616426
2467,75246313312211,7396555
2468,75246313332332,7399037
2469,75261432123233,8435969
2470,75264132121232,8767013
2471,75264132223331,6861523
2472,75264132321212,9217972
2473,75264133121333,7413177
2474,75264133331213,7514781
2475,75264311223122,8008706
2476,75264313231112,9196496
2477,75312463333133,9456634
2478,75314621133221,5998782
2479,75314621313212,13078882
2480,75314623113122,6744021
2481,75316241231231,9440776
2482,75321461311112,7338583
2483,75321463132121,6642000
2484,75346122133133,8431642
2485,75346211133122,7034608
2486,75346211211311,8934142
2487,75346211311211,6634454
2488,75346212323333,8476836
2489,75346213112132,6351624
2490,75346213132121,6633611
2491,75346213132322,6696083
2492,75346213332122,7105480
2493,75412631223332,6129134
2494,75416323232213,8209368
2495,75431263133213,9377564
2496,75462132123212,12385572
2497,75613243131332,9482173
2498,75613243133213,7712044
2499,75634123323122,7385923
2500,75641323232111,6991581
2501,75642132213311,6763519
2502,76123453233323,7227717
2503,76125343333133,9579925
2504,76143252131312,7965839
2505,76143252221222,8100375
2506,76143253131212,8202419
2507,76143253331333,7595166
2508,76143253333313,10653406
2509,76145231121113,6748954
2510,76145231122112,11692827
2511,76145231131112,7294894
2512,76145231221112,11671155
2513,76145231311331,6574073
2514,76145232123332,7052176
2515,76145232233213,8719462
2516,76145232331313,6783737
2517,76145232332213,9019656
2518,76145233133213,7206669
2519,76145233232333,6848495
2520,76154323333112,8371004
2521,76213543213133,8642190
2522,76213543311332,8106138
2523,76215341231231,7785299
2524,76215433333133,9223499
2525,76231451123111,7384429
2526,76245311121131,7167821
2527,76245311131121,6455483
2528,76245311213312,6827359
2529,76245312132131,6968787
2530,76245313122122,6785057
2531,76245313123121,6830623
2532,76253141123132,6324192
2533,76253141211332,6202319
2534,76253413322312,8523647
2535,76254133311323,13650866
2536,76254313211111,12143798
2537,76312452212111,12615850
2538,76312453211111,7381097
2539,76312453311311,8114985
2540,76312542321212,7923335
2541,76312542322121,7429004
2542,76312543322222,9841795
2543,76315241112113,7768816
2544,76315241113112,6656036
2545,76315241223113,6485312
2546,76315241322122,6866403
2547,76315241323313,7236534
2548,76315241332112,6624534
2549,76315243211231,6297352
2550,76315243323323,7573881
2551,76321452122123,10806112
2552,76321452122321,11024110
2553,76321452122333,10802769
2554,76321452123323,12531931
2555,76321452212231,10462274
2556,76321452213122,10990347
2557,76321453233131,11489126
2558,76321453311233,13122988
2559,76321453313312,12333812
2560,76321453321133,10951429
2561,76321453323311,12576163
2562,76321542211112,10457093
2563,76321543211111,7026218
2564,76321543311131,7761505
2565,76324151112233,7209364
2566,76324151112323,8714396
2567,76324153323122,7127224
2568,76325411111213,7457358
2569,76325411111312,9202781
2570,76325411112131,6812486
2571,76325411113121,7472060
2572,76325411122121,7379897
2573,76325411331311,7950715
2574,76325412112121,9267196
2575,76325412231212,7964348
2576,76325412333233,7918979
2577,76325413222223,7331288
2578,76341251111213,7275978
2579,76341251111312,9072045
2580,76341251112131,8011757
2581,76341251113121,7344372
2582,76341251221121,7697909
2583,76341251311313,7376408
2584,76341252232313,7200567
2585,76341252323333,7896993
2586,76341253221212,8125394
2587,76341253233131,6539769
2588,76342511111231,6162493
2589,76342511111321,7927108
2590,76342511323112,6513803
2591,76342512232223,7809209
2592,76342513213112,9484411
2593,76342513322111,9873817
2594,76342513323122,6893839
2595,76342513323212,7430145
2596,76345122211112,10149447
2597,76345122211121,8135807
2598,76345122213311,6795348
2599,76345122311111,8207504
2600,76345123211111,6925375
2601,76345123311113,8001231
2602,76345123311131,7638081
2603,76345123312211,6513150
2604,76351421112323,9398149
2605,76351421113322,6992393
2606,76351423321232,7386972
2607,76354121121212,8642529
2608,76354121122121,7255430
2609,76354121311313,7396999
2610,76354121313131,8150246
2611,76354122111212,9475839
2612,76354122112121,7884589
2613,76354122212222,7523048
2614,76354123211123,8060294
2615,76354123211132,7003318
2616,76354123313333,8223783
2617,76354212213323,7481267
2618,76354212312233,7693244
2619,76354212313322,8193760
2620,76354212333332,7533483
2621,76354213222223,7389909
2622,76354213312223,6932112
2623,76421351131121,5986273
2624,76512343213313,12000162
2625,76512343332311,11969879
2626,76514321112323,8013527
2627,76514321232113,7389838
2628,76521433232333,7149555
2629,76523413223231,7530719
2630,76524313331222,9309868
2631,76541232131213,12295480
2632,76541232221222,7559566
2633,76541233121213,7796364
2634,76541233331333,8394957
2635,76541233333313,9493381
2636,76543211111111,16110506
2637,76543211212112,8275118
2638,76543211223221,6717031
2639,76543211332331,6707815
2640,76543211333333,7414817
2641,76543212132323,7391628
2642,76543212222221,7095839
2643,76543212323213,7291064
2644,76543213113131,7339271
