"Run","Processor","RetiredInstructions","ExecutionTimeMs","InstructionsPerSecond"
"1","RV32_ISS","3000005","96","31250052.08"
"1","RV32_5S","3000005","9203","325981.2"
"2","RV32_ISS","3000005","97","30927886.6"
"2","RV32_5S","3000005","20331","147558.16"
"3","RV32_ISS","3000005","97","30927886.6"
"3","RV32_5S","3000005","20586","145730.35"
"4","RV32_ISS","3000005","102","29411813.73"
"4","RV32_5S","3000005","21952","136662.04"
"5","RV32_ISS","3000005","106","28301933.96"
"5","RV32_5S","3000005","20182","148647.56"
